ticker,cik,quarter_end,year,quarter,shares,report_date,form_type,xbrl_field,notes
AAPL,320193,2013-09-30,2013,3,899213000,2013-09-28,10-K,CommonStockSharesOutstanding,
AAPL,320193,2013-12-31,2013,4,892447000,2013-12-28,10-Q,CommonStockSharesOutstanding,
AAPL,320193,2014-03-31,2014,1,861745000,2014-03-29,10-Q,CommonStockSharesOutstanding,FIXED: EDGAR units error — multiplied by 1000
AAPL,320193,2014-06-30,2014,2,5989171000,2014-06-28,10-Q,CommonStockSharesOutstanding,
AAPL,320193,2014-09-30,2014,3,5866161000,2014-09-27,10-K,CommonStockSharesOutstanding,
AAPL,320193,2014-12-31,2014,4,5826419000,2014-12-27,10-Q,CommonStockSharesOutstanding,
AAPL,320193,2015-03-31,2015,1,5762278000,2015-03-28,10-Q,CommonStockSharesOutstanding,
AAPL,320193,2015-06-30,2015,2,5705400000,2015-06-27,10-Q,CommonStockSharesOutstanding,
AAPL,320193,2015-09-30,2015,3,5578753000,2015-09-26,10-K,CommonStockSharesOutstanding,
AAPL,320193,2015-12-31,2015,4,5544487000,2015-12-26,10-Q,CommonStockSharesOutstanding,
AAPL,320193,2016-03-31,2016,1,5478446000,2016-03-26,10-Q,CommonStockSharesOutstanding,
AAPL,320193,2016-06-30,2016,2,5393165000,2016-06-25,10-Q,CommonStockSharesOutstanding,
AAPL,320193,2016-09-30,2016,3,5336166000,2016-09-24,10-K,CommonStockSharesOutstanding,
AAPL,320193,2016-12-31,2016,4,5255423000,2016-12-31,10-Q,CommonStockSharesOutstanding,
AAPL,320193,2017-03-31,2017,1,5205815000,2017-04-01,10-Q,CommonStockSharesOutstanding,
AAPL,320193,2017-06-30,2017,2,5169782000,2017-07-01,10-Q,CommonStockSharesOutstanding,
AAPL,320193,2017-09-30,2017,3,5126201000,2017-09-30,10-K,CommonStockSharesOutstanding,
AAPL,320193,2017-12-31,2017,4,5081651000,2017-12-30,10-Q,CommonStockSharesOutstanding,
AAPL,320193,2018-03-31,2018,1,4943282000,2018-03-31,10-Q,CommonStockSharesOutstanding,
AAPL,320193,2018-06-30,2018,2,4842917000,2018-06-30,10-Q,CommonStockSharesOutstanding,
AAPL,320193,2018-09-30,2018,3,4754986000,2018-09-29,10-K,CommonStockSharesOutstanding,
AAPL,320193,2018-12-31,2018,4,4729803000,2018-12-29,10-Q,CommonStockSharesOutstanding,
AAPL,320193,2019-03-31,2019,1,4607284000,2019-03-30,10-Q,CommonStockSharesOutstanding,
AAPL,320193,2019-06-30,2019,2,4531395000,2019-06-29,10-Q,CommonStockSharesOutstanding,
AAPL,320193,2019-09-30,2019,3,4443236000,2019-09-28,10-K,CommonStockSharesOutstanding,
AAPL,320193,2019-12-31,2019,4,4384959000,2019-12-28,10-Q,CommonStockSharesOutstanding,
AAPL,320193,2020-03-31,2020,1,4323987000,2020-03-28,10-Q,CommonStockSharesOutstanding,
AAPL,320193,2020-06-30,2020,2,4283939000,2020-06-27,10-Q,CommonStockSharesOutstanding,
AAPL,320193,2020-09-30,2020,3,16976763000,2020-09-26,10-K,CommonStockSharesOutstanding,
AAPL,320193,2020-12-31,2020,4,16823263000,2020-12-26,10-Q,CommonStockSharesOutstanding,
AAPL,320193,2021-03-31,2021,1,16686305000,2021-03-27,10-Q,CommonStockSharesOutstanding,
AAPL,320193,2021-06-30,2021,2,16556942000,2021-06-26,10-Q,CommonStockSharesOutstanding,
AAPL,320193,2021-09-30,2021,3,16426786000,2021-09-25,10-K,CommonStockSharesOutstanding,
AAPL,320193,2021-12-31,2021,4,16340851000,2021-12-25,10-Q,CommonStockSharesOutstanding,
AAPL,320193,2022-03-31,2022,1,16207568000,2022-03-26,10-Q,CommonStockSharesOutstanding,
AAPL,320193,2022-06-30,2022,2,16095378000,2022-06-25,10-Q,CommonStockSharesOutstanding,
AAPL,320193,2022-09-30,2022,3,15943425000,2022-09-24,10-K,CommonStockSharesOutstanding,
AAPL,320193,2022-12-31,2022,4,15842407000,2022-12-31,10-Q,CommonStockSharesOutstanding,
AAPL,320193,2023-03-31,2023,1,15723406000,2023-04-01,10-Q,CommonStockSharesOutstanding,
AAPL,320193,2023-06-30,2023,2,15647868000,2023-07-01,10-Q,CommonStockSharesOutstanding,
AAPL,320193,2023-09-30,2023,3,15550061000,2023-09-30,10-K,CommonStockSharesOutstanding,
AAPL,320193,2023-12-31,2023,4,15460223000,2023-12-30,10-Q,CommonStockSharesOutstanding,
AAPL,320193,2024-03-31,2024,1,15337686000,2024-03-30,10-Q,CommonStockSharesOutstanding,
AAPL,320193,2024-06-30,2024,2,15222259000,2024-06-29,10-Q,CommonStockSharesOutstanding,
AAPL,320193,2024-09-30,2024,3,15116786000,2024-09-28,10-K,CommonStockSharesOutstanding,
AAPL,320193,2024-12-31,2024,4,15040731000,2024-12-28,10-Q,CommonStockSharesOutstanding,
AAPL,320193,2025-03-31,2025,1,14939315000,2025-03-29,10-Q,CommonStockSharesOutstanding,
AAPL,320193,2025-06-30,2025,2,14856722000,2025-06-28,10-Q,CommonStockSharesOutstanding,
AAPL,320193,2025-09-30,2025,3,14773260000,2025-09-27,10-K,CommonStockSharesOutstanding,
AAPL,320193,2025-12-31,2025,4,14702703000,2025-12-27,10-Q,CommonStockSharesOutstanding,
MSFT,789019,2013-09-30,2013,3,8346000000,2013-09-30,10-Q,CommonStockSharesOutstanding,
MSFT,789019,2013-12-31,2013,4,8300000000,2013-12-31,10-Q,CommonStockSharesOutstanding,
MSFT,789019,2014-03-31,2014,1,8260000000,2014-03-31,10-Q,CommonStockSharesOutstanding,
MSFT,789019,2014-06-30,2014,2,8239000000,2014-06-30,10-K,CommonStockSharesOutstanding,
MSFT,789019,2014-09-30,2014,3,8255000000,2014-09-30,10-Q,CommonStockSharesOutstanding,
MSFT,789019,2014-12-31,2014,4,8218000000,2014-12-31,10-Q,CommonStockSharesOutstanding,
MSFT,789019,2015-03-31,2015,1,8113000000,2015-03-31,10-Q,CommonStockSharesOutstanding,
MSFT,789019,2015-06-30,2015,2,8027000000,2015-06-30,10-K,CommonStockSharesOutstanding,
MSFT,789019,2015-09-30,2015,3,7986000000,2015-09-30,10-Q,CommonStockSharesOutstanding,
MSFT,789019,2015-12-31,2015,4,7925000000,2015-12-31,10-Q,CommonStockSharesOutstanding,
MSFT,789019,2016-03-31,2016,1,7870000000,2016-03-31,10-Q,CommonStockSharesOutstanding,
MSFT,789019,2016-06-30,2016,2,7808000000,2016-06-30,10-K,CommonStockSharesOutstanding,
MSFT,789019,2016-09-30,2016,3,7784000000,2016-09-30,10-Q,CommonStockSharesOutstanding,
MSFT,789019,2016-12-31,2016,4,7730000000,2016-12-31,10-Q,CommonStockSharesOutstanding,
MSFT,789019,2017-03-31,2017,1,7723000000,2017-03-31,10-Q,CommonStockSharesOutstanding,
MSFT,789019,2017-06-30,2017,2,7708000000,2017-06-30,10-K,CommonStockSharesOutstanding,
MSFT,789019,2017-09-30,2017,3,7720000000,2017-09-30,10-Q,CommonStockSharesOutstanding,
MSFT,789019,2017-12-31,2017,4,7705000000,2017-12-31,10-Q,CommonStockSharesOutstanding,
MSFT,789019,2018-03-31,2018,1,7690000000,2018-03-31,10-Q,CommonStockSharesOutstanding,
MSFT,789019,2018-06-30,2018,2,7677000000,2018-06-30,10-K,CommonStockSharesOutstanding,
MSFT,789019,2018-09-30,2018,3,7680000000,2018-09-30,10-Q,CommonStockSharesOutstanding,
MSFT,789019,2018-12-31,2018,4,7683000000,2018-12-31,10-Q,CommonStockSharesOutstanding,
MSFT,789019,2019-03-31,2019,1,7666000000,2019-03-31,10-Q,CommonStockSharesOutstanding,
MSFT,789019,2019-06-30,2019,2,7643000000,2019-06-30,10-K,CommonStockSharesOutstanding,
MSFT,789019,2019-09-30,2019,3,7634000000,2019-09-30,10-Q,CommonStockSharesOutstanding,
MSFT,789019,2019-12-31,2019,4,7611000000,2019-12-31,10-Q,CommonStockSharesOutstanding,
MSFT,789019,2020-03-31,2020,1,7590000000,2020-03-31,10-Q,CommonStockSharesOutstanding,
MSFT,789019,2020-06-30,2020,2,7571000000,2020-06-30,10-K,CommonStockSharesOutstanding,
MSFT,789019,2020-09-30,2020,3,7564000000,2020-09-30,10-Q,CommonStockSharesOutstanding,
MSFT,789019,2020-12-31,2020,4,7546000000,2020-12-31,10-Q,CommonStockSharesOutstanding,
MSFT,789019,2021-03-31,2021,1,7534000000,2021-03-31,10-Q,CommonStockSharesOutstanding,
MSFT,789019,2021-06-30,2021,2,7519000000,2021-06-30,10-K,CommonStockSharesOutstanding,
MSFT,789019,2021-09-30,2021,3,7510000000,2021-09-30,10-Q,CommonStockSharesOutstanding,
MSFT,789019,2021-12-31,2021,4,7500000000,2021-12-31,10-Q,CommonStockSharesOutstanding,
MSFT,789019,2022-03-31,2022,1,7483000000,2022-03-31,10-Q,CommonStockSharesOutstanding,
MSFT,789019,2022-06-30,2022,2,7464000000,2022-06-30,10-K,CommonStockSharesOutstanding,
MSFT,789019,2022-09-30,2022,3,7457000000,2022-09-30,10-Q,CommonStockSharesOutstanding,
MSFT,789019,2022-12-31,2022,4,7447000000,2022-12-31,10-Q,CommonStockSharesOutstanding,
MSFT,789019,2023-03-31,2023,1,7437000000,2023-03-31,10-Q,CommonStockSharesOutstanding,
MSFT,789019,2023-06-30,2023,2,7432000000,2023-06-30,10-K,CommonStockSharesOutstanding,
MSFT,789019,2023-09-30,2023,3,7431000000,2023-09-30,10-Q,CommonStockSharesOutstanding,
MSFT,789019,2023-12-31,2023,4,7432000000,2023-12-31,10-Q,CommonStockSharesOutstanding,
MSFT,789019,2024-03-31,2024,1,7433000000,2024-03-31,10-Q,CommonStockSharesOutstanding,
MSFT,789019,2024-06-30,2024,2,7434000000,2024-06-30,10-K,CommonStockSharesOutstanding,
MSFT,789019,2024-09-30,2024,3,7436000000,2024-09-30,10-Q,CommonStockSharesOutstanding,
MSFT,789019,2024-12-31,2024,4,7435000000,2024-12-31,10-Q,CommonStockSharesOutstanding,
MSFT,789019,2025-03-31,2025,1,7434000000,2025-03-31,10-Q,CommonStockSharesOutstanding,
MSFT,789019,2025-06-30,2025,2,7434000000,2025-06-30,10-K,CommonStockSharesOutstanding,
MSFT,789019,2025-09-30,2025,3,7434000000,2025-09-30,10-Q,CommonStockSharesOutstanding,
MSFT,789019,2025-12-31,2025,4,7429000000,2025-12-31,10-Q,CommonStockSharesOutstanding,
AAL,6201,2013-09-30,2013,3,335000000,2013-09-30,10-Q,WeightedAverageNumberOfSharesOutstandingBasic,
AAL,6201,2013-12-31,2013,4,261069000,2013-12-31,10-K,CommonStockSharesOutstanding,
AAL,6201,2014-03-31,2014,1,649953273,2014-03-31,10-Q,CommonStockSharesOutstanding,
AAL,6201,2014-06-30,2014,2,720501649,2014-06-30,10-Q,CommonStockSharesOutstanding,
AAL,6201,2014-09-30,2014,3,717257567,2014-09-30,10-Q,CommonStockSharesOutstanding,
AAL,6201,2014-12-31,2014,4,697474535,2014-12-31,10-K,CommonStockSharesOutstanding,
AAL,6201,2015-03-31,2015,1,693800651,2015-03-31,10-Q,CommonStockSharesOutstanding,
AAL,6201,2015-06-30,2015,2,678288983,2015-06-30,10-Q,CommonStockSharesOutstanding,
AAL,6201,2015-09-30,2015,3,640107543,2015-09-30,10-Q,CommonStockSharesOutstanding,
AAL,6201,2015-12-31,2015,4,624622381,2015-12-31,10-K,CommonStockSharesOutstanding,
AAL,6201,2016-03-31,2016,1,585658329,2016-03-31,10-Q,CommonStockSharesOutstanding,
AAL,6201,2016-06-30,2016,2,537141492,2016-06-30,10-Q,CommonStockSharesOutstanding,
AAL,6201,2016-09-30,2016,3,519161253,2016-09-30,10-Q,CommonStockSharesOutstanding,
AAL,6201,2016-12-31,2016,4,507294153,2016-12-31,10-K,CommonStockSharesOutstanding,
AAL,6201,2017-03-31,2017,1,495749816,2017-03-31,10-Q,CommonStockSharesOutstanding,
AAL,6201,2017-06-30,2017,2,487661923,2017-06-30,10-Q,CommonStockSharesOutstanding,
AAL,6201,2017-09-30,2017,3,479999894,2017-09-30,10-Q,CommonStockSharesOutstanding,
AAL,6201,2017-12-31,2017,4,475507887,2017-12-31,10-K,CommonStockSharesOutstanding,
AAL,6201,2018-03-31,2018,1,467390481,2018-03-31,10-Q,CommonStockSharesOutstanding,
AAL,6201,2018-06-30,2018,2,460502096,2018-06-30,10-Q,CommonStockSharesOutstanding,
AAL,6201,2018-09-30,2018,3,460559470,2018-09-30,10-Q,CommonStockSharesOutstanding,
AAL,6201,2018-12-31,2018,4,460610870,2018-12-31,10-K,CommonStockSharesOutstanding,
AAL,6201,2019-03-31,2019,1,444216229,2019-03-31,10-Q,CommonStockSharesOutstanding,
AAL,6201,2019-06-30,2019,2,445262351,2019-06-30,10-Q,CommonStockSharesOutstanding,
AAL,6201,2019-09-30,2019,3,438035288,2019-09-30,10-Q,CommonStockSharesOutstanding,
AAL,6201,2019-12-31,2019,4,428202506,2019-12-31,10-K,CommonStockSharesOutstanding,
AAL,6201,2020-03-31,2020,1,422886533,2020-03-31,10-Q,CommonStockSharesOutstanding,
AAL,6201,2020-06-30,2020,2,508556154,2020-06-30,10-Q,CommonStockSharesOutstanding,
AAL,6201,2020-09-30,2020,3,508603895,2020-09-30,10-Q,CommonStockSharesOutstanding,
AAL,6201,2020-12-31,2020,4,621479522,2020-12-31,10-K,CommonStockSharesOutstanding,
AAL,6201,2021-03-31,2021,1,641374475,2021-03-31,10-Q,CommonStockSharesOutstanding,
AAL,6201,2021-06-30,2021,2,647446499,2021-06-30,10-Q,CommonStockSharesOutstanding,
AAL,6201,2021-09-30,2021,3,647477469,2021-09-30,10-Q,CommonStockSharesOutstanding,
AAL,6201,2021-12-31,2021,4,647727595,2021-12-31,10-K,CommonStockSharesOutstanding,
AAL,6201,2022-03-31,2022,1,649497768,2022-03-31,10-Q,CommonStockSharesOutstanding,
AAL,6201,2022-06-30,2022,2,649779361,2022-06-30,10-Q,CommonStockSharesOutstanding,
AAL,6201,2022-09-30,2022,3,649863026,2022-09-30,10-Q,CommonStockSharesOutstanding,
AAL,6201,2022-12-31,2022,4,650642461,2022-12-31,10-K,CommonStockSharesOutstanding,
AAL,6201,2023-03-31,2023,1,652817674,2023-03-31,10-Q,CommonStockSharesOutstanding,
AAL,6201,2023-06-30,2023,2,653286761,2023-06-30,10-Q,CommonStockSharesOutstanding,
AAL,6201,2023-09-30,2023,3,653504063,2023-09-30,10-Q,CommonStockSharesOutstanding,
AAL,6201,2023-12-31,2023,4,654273192,2023-12-31,10-K,CommonStockSharesOutstanding,
AAL,6201,2024-03-31,2024,1,656045635,2024-03-31,10-Q,CommonStockSharesOutstanding,
AAL,6201,2024-06-30,2024,2,656607802,2024-06-30,10-Q,CommonStockSharesOutstanding,
AAL,6201,2024-09-30,2024,3,657102842,2024-09-30,10-Q,CommonStockSharesOutstanding,
AAL,6201,2024-12-31,2024,4,657566166,2024-12-31,10-K,CommonStockSharesOutstanding,
AAL,6201,2025-03-31,2025,1,659481003,2025-03-31,10-Q,CommonStockSharesOutstanding,
AAL,6201,2025-06-30,2025,2,659797256,2025-06-30,10-Q,CommonStockSharesOutstanding,
AAL,6201,2025-09-30,2025,3,660064930,2025-09-30,10-Q,CommonStockSharesOutstanding,
AAL,6201,2025-12-31,2025,4,660301080,2025-12-31,10-K,CommonStockSharesOutstanding,
DAL,27904,2013-09-30,2013,3,855545884,2013-09-30,10-Q,EntityCommonStockSharesOutstanding,
DAL,27904,2013-12-31,2013,4,849000000,2013-12-31,10-K,WeightedAverageNumberOfSharesOutstandingBasic,
DAL,27904,2014-03-31,2014,1,848014088,2014-03-31,10-Q,EntityCommonStockSharesOutstanding,
DAL,27904,2014-06-30,2014,2,843005966,2014-06-30,10-Q,EntityCommonStockSharesOutstanding,
DAL,27904,2014-09-30,2014,3,836941362,2014-09-30,10-Q,EntityCommonStockSharesOutstanding,
DAL,27904,2014-12-31,2014,4,836000000,2014-12-31,10-K,WeightedAverageNumberOfSharesOutstandingBasic,
DAL,27904,2015-03-31,2015,1,816296778,2015-03-31,10-Q,EntityCommonStockSharesOutstanding,
DAL,27904,2015-06-30,2015,2,795398332,2015-06-30,10-Q,EntityCommonStockSharesOutstanding,
DAL,27904,2015-09-30,2015,3,786473621,2015-09-30,10-Q,EntityCommonStockSharesOutstanding,
DAL,27904,2015-12-31,2015,4,797000000,2015-12-31,10-K,WeightedAverageNumberOfSharesOutstandingBasic,
DAL,27904,2016-03-31,2016,1,771581440,2016-03-31,10-Q,EntityCommonStockSharesOutstanding,
DAL,27904,2016-06-30,2016,2,748907678,2016-06-30,10-Q,EntityCommonStockSharesOutstanding,
DAL,27904,2016-09-30,2016,3,736384650,2016-09-30,10-Q,EntityCommonStockSharesOutstanding,
DAL,27904,2016-12-31,2016,4,751000000,2016-12-31,10-K,WeightedAverageNumberOfSharesOutstandingBasic,
DAL,27904,2017-03-31,2017,1,735530413,2017-03-31,10-Q,EntityCommonStockSharesOutstanding,
DAL,27904,2017-06-30,2017,2,724030218,2017-06-30,10-Q,EntityCommonStockSharesOutstanding,
DAL,27904,2017-09-30,2017,3,712973139,2017-09-30,10-Q,EntityCommonStockSharesOutstanding,
DAL,27904,2017-12-31,2017,4,720000000,2017-12-31,10-K,WeightedAverageNumberOfSharesOutstandingBasic,
DAL,27904,2018-03-31,2018,1,702478205,2018-03-31,10-Q,EntityCommonStockSharesOutstanding,
DAL,27904,2018-06-30,2018,2,691331319,2018-06-30,10-Q,EntityCommonStockSharesOutstanding,
DAL,27904,2018-09-30,2018,3,685618701,2018-09-30,10-Q,EntityCommonStockSharesOutstanding,
DAL,27904,2018-12-31,2018,4,691000000,2018-12-31,10-K,WeightedAverageNumberOfSharesOutstandingBasic,
DAL,27904,2019-03-31,2019,1,654996477,2019-03-31,10-Q,EntityCommonStockSharesOutstanding,
DAL,27904,2019-06-30,2019,2,650200617,2019-06-30,10-Q,EntityCommonStockSharesOutstanding,
DAL,27904,2019-09-30,2019,3,646742854,2019-09-30,10-Q,EntityCommonStockSharesOutstanding,
DAL,27904,2019-12-31,2019,4,651000000,2019-12-31,10-K,WeightedAverageNumberOfSharesOutstandingBasic,
DAL,27904,2020-03-31,2020,1,637836206,2020-03-31,10-Q,EntityCommonStockSharesOutstanding,
DAL,27904,2020-06-30,2020,2,637856746,2020-06-30,10-Q,EntityCommonStockSharesOutstanding,
DAL,27904,2020-09-30,2020,3,637734301,2020-09-30,10-Q,EntityCommonStockSharesOutstanding,
DAL,27904,2020-12-31,2020,4,636000000,2020-12-31,10-K,WeightedAverageNumberOfSharesOutstandingBasic,
DAL,27904,2021-03-31,2021,1,639661387,2021-03-31,10-Q,EntityCommonStockSharesOutstanding,
DAL,27904,2021-06-30,2021,2,639914878,2021-06-30,10-Q,EntityCommonStockSharesOutstanding,
DAL,27904,2021-09-30,2021,3,640013818,2021-09-30,10-Q,EntityCommonStockSharesOutstanding,
DAL,27904,2021-12-31,2021,4,636000000,2021-12-31,10-K,WeightedAverageNumberOfSharesOutstandingBasic,
DAL,27904,2022-03-31,2022,1,641076463,2022-03-31,10-Q,EntityCommonStockSharesOutstanding,
DAL,27904,2022-06-30,2022,2,641197918,2022-06-30,10-Q,EntityCommonStockSharesOutstanding,
DAL,27904,2022-09-30,2022,3,641188362,2022-09-30,10-Q,EntityCommonStockSharesOutstanding,
DAL,27904,2022-12-31,2022,4,638000000,2022-12-31,10-K,WeightedAverageNumberOfSharesOutstandingBasic,
DAL,27904,2023-03-31,2023,1,642716623,2023-03-31,10-Q,EntityCommonStockSharesOutstanding,
DAL,27904,2023-06-30,2023,2,643418375,2023-06-30,10-Q,EntityCommonStockSharesOutstanding,
DAL,27904,2023-09-30,2023,3,643463433,2023-09-30,10-Q,EntityCommonStockSharesOutstanding,
DAL,27904,2023-12-31,2023,4,639000000,2023-12-31,10-K,WeightedAverageNumberOfSharesOutstandingBasic,
DAL,27904,2024-03-31,2024,1,645312283,2024-03-31,10-Q,EntityCommonStockSharesOutstanding,
DAL,27904,2024-06-30,2024,2,645419328,2024-06-30,10-Q,EntityCommonStockSharesOutstanding,
DAL,27904,2024-09-30,2024,3,645281221,2024-09-30,10-Q,EntityCommonStockSharesOutstanding,
DAL,27904,2024-12-31,2024,4,641000000,2024-12-31,10-K,WeightedAverageNumberOfSharesOutstandingBasic,
DAL,27904,2025-03-31,2025,1,652955169,2025-03-31,10-Q,EntityCommonStockSharesOutstanding,
DAL,27904,2025-06-30,2025,2,652948402,2025-06-30,10-Q,EntityCommonStockSharesOutstanding,
DAL,27904,2025-09-30,2025,3,652962768,2025-09-30,10-Q,EntityCommonStockSharesOutstanding,
DAL,27904,2025-12-31,2025,4,648000000,2025-12-31,10-K,WeightedAverageNumberOfSharesOutstandingBasic,
JPM,19617,2013-09-30,2013,3,3759189280,2013-09-30,10-Q,EntityCommonStockSharesOutstanding,
JPM,19617,2013-12-31,2013,4,3756100000,2013-12-31,10-K,CommonStockSharesOutstanding,
JPM,19617,2014-03-31,2014,1,3784712771,2014-03-31,10-Q,EntityCommonStockSharesOutstanding,
JPM,19617,2014-06-30,2014,2,3761280910,2014-06-30,10-Q,EntityCommonStockSharesOutstanding,
JPM,19617,2014-09-30,2014,3,3738188746,2014-09-30,10-Q,EntityCommonStockSharesOutstanding,
JPM,19617,2014-12-31,2014,4,3714800000,2014-12-31,10-K,CommonStockSharesOutstanding,
JPM,19617,2015-03-31,2015,1,3711087151,2015-03-31,10-Q,EntityCommonStockSharesOutstanding,
JPM,19617,2015-06-30,2015,2,3698067361,2015-06-30,10-Q,EntityCommonStockSharesOutstanding,
JPM,19617,2015-09-30,2015,3,3681129777,2015-09-30,10-Q,EntityCommonStockSharesOutstanding,
JPM,19617,2015-12-31,2015,4,3663500000,2015-12-31,10-K,CommonStockSharesOutstanding,
JPM,19617,2016-03-31,2016,1,3656658925,2016-03-31,10-Q,EntityCommonStockSharesOutstanding,
JPM,19617,2016-06-30,2016,2,3611982360,2016-06-30,10-Q,EntityCommonStockSharesOutstanding,
JPM,19617,2016-09-30,2016,3,3578264278,2016-09-30,10-Q,EntityCommonStockSharesOutstanding,
JPM,19617,2016-12-31,2016,4,3561200000,2016-12-31,10-K,CommonStockSharesOutstanding,
JPM,19617,2017-03-31,2017,1,3552803801,2017-03-31,10-Q,EntityCommonStockSharesOutstanding,
JPM,19617,2017-06-30,2017,2,3518964410,2017-06-30,10-Q,EntityCommonStockSharesOutstanding,
JPM,19617,2017-09-30,2017,3,3469725577,2017-09-30,10-Q,EntityCommonStockSharesOutstanding,
JPM,19617,2017-12-31,2017,4,3425300000,2017-12-31,10-K,CommonStockSharesOutstanding,
JPM,19617,2018-03-31,2018,1,3404776922,2018-03-31,10-Q,EntityCommonStockSharesOutstanding,
JPM,19617,2018-06-30,2018,2,3360884107,2018-06-30,10-Q,EntityCommonStockSharesOutstanding,
JPM,19617,2018-09-30,2018,3,3325410725,2018-09-30,10-Q,EntityCommonStockSharesOutstanding,
JPM,19617,2018-12-31,2018,4,3275800000,2018-12-31,10-K,CommonStockSharesOutstanding,
JPM,19617,2019-03-31,2019,1,3243972971,2019-03-31,10-Q,EntityCommonStockSharesOutstanding,
JPM,19617,2019-06-30,2019,2,3197484989,2019-06-30,10-Q,EntityCommonStockSharesOutstanding,
JPM,19617,2019-09-30,2019,3,3136484924,2019-09-30,10-Q,EntityCommonStockSharesOutstanding,
JPM,19617,2019-12-31,2019,4,3084000000,2019-12-31,10-K,CommonStockSharesOutstanding,
JPM,19617,2020-03-31,2020,1,3047022877,2020-03-31,10-Q,EntityCommonStockSharesOutstanding,
JPM,19617,2020-06-30,2020,2,3047604487,2020-06-30,10-Q,EntityCommonStockSharesOutstanding,
JPM,19617,2020-09-30,2020,3,3048203063,2020-09-30,10-Q,EntityCommonStockSharesOutstanding,
JPM,19617,2020-12-31,2020,4,3049400000,2020-12-31,10-K,CommonStockSharesOutstanding,
JPM,19617,2021-03-31,2021,1,3027128112,2021-03-31,10-Q,EntityCommonStockSharesOutstanding,
JPM,19617,2021-06-30,2021,2,2988155355,2021-06-30,10-Q,EntityCommonStockSharesOutstanding,
JPM,19617,2021-09-30,2021,3,2955266061,2021-09-30,10-Q,EntityCommonStockSharesOutstanding,
JPM,19617,2021-12-31,2021,4,2944100000,2021-12-31,10-K,CommonStockSharesOutstanding,
JPM,19617,2022-03-31,2022,1,2937050466,2022-03-31,10-Q,EntityCommonStockSharesOutstanding,
JPM,19617,2022-06-30,2022,2,2932572390,2022-06-30,10-Q,EntityCommonStockSharesOutstanding,
JPM,19617,2022-09-30,2022,3,2933204888,2022-09-30,10-Q,EntityCommonStockSharesOutstanding,
JPM,19617,2022-12-31,2022,4,2934200000,2022-12-31,10-K,CommonStockSharesOutstanding,
JPM,19617,2023-03-31,2023,1,2922288509,2023-03-31,10-Q,EntityCommonStockSharesOutstanding,
JPM,19617,2023-06-30,2023,2,2906085273,2023-06-30,10-Q,EntityCommonStockSharesOutstanding,
JPM,19617,2023-09-30,2023,3,2891008341,2023-09-30,10-Q,EntityCommonStockSharesOutstanding,
JPM,19617,2023-12-31,2023,4,2876600000,2023-12-31,10-K,CommonStockSharesOutstanding,
JPM,19617,2024-03-31,2024,1,2871667879,2024-03-31,10-Q,EntityCommonStockSharesOutstanding,
JPM,19617,2024-06-30,2024,2,2845164727,2024-06-30,10-Q,EntityCommonStockSharesOutstanding,
JPM,19617,2024-09-30,2024,3,2815340422,2024-09-30,10-Q,EntityCommonStockSharesOutstanding,
JPM,19617,2024-12-31,2024,4,2797600000,2024-12-31,10-K,CommonStockSharesOutstanding,
JPM,19617,2025-03-31,2025,1,2779094488,2025-03-31,10-Q,EntityCommonStockSharesOutstanding,
JPM,19617,2025-06-30,2025,2,2749753854,2025-06-30,10-Q,EntityCommonStockSharesOutstanding,
JPM,19617,2025-09-30,2025,3,2722262295,2025-09-30,10-Q,EntityCommonStockSharesOutstanding,
JPM,19617,2025-12-31,2025,4,2696200000,2025-12-31,10-K,CommonStockSharesOutstanding,
BAC,70858,2013-09-30,2013,3,10683282112,2013-09-30,10-Q,CommonStockSharesOutstanding,
BAC,70858,2013-12-31,2013,4,10591808296,2013-12-31,10-K,CommonStockSharesOutstanding,
BAC,70858,2014-03-31,2014,1,10530045485,2014-03-31,10-Q,CommonStockSharesOutstanding,
BAC,70858,2014-06-30,2014,2,10515824628,2014-06-30,10-Q,CommonStockSharesOutstanding,
BAC,70858,2014-09-30,2014,3,10515893904,2014-09-30,10-Q,CommonStockSharesOutstanding,
BAC,70858,2014-12-31,2014,4,10516542476,2014-12-31,10-K,CommonStockSharesOutstanding,
BAC,70858,2015-03-31,2015,1,10520400507,2015-03-31,10-Q,CommonStockSharesOutstanding,
BAC,70858,2015-06-30,2015,2,10471836636,2015-06-30,10-Q,CommonStockSharesOutstanding,
BAC,70858,2015-09-30,2015,3,10427305035,2015-09-30,10-Q,CommonStockSharesOutstanding,
BAC,70858,2015-12-31,2015,4,10380265063,2015-12-31,10-K,CommonStockSharesOutstanding,
BAC,70858,2016-03-31,2016,1,10312660252,2016-03-31,10-Q,CommonStockSharesOutstanding,
BAC,70858,2016-06-30,2016,2,10216780615,2016-06-30,10-Q,CommonStockSharesOutstanding,
BAC,70858,2016-09-30,2016,3,10123845121,2016-09-30,10-Q,CommonStockSharesOutstanding,
BAC,70858,2016-12-31,2016,4,10052625604,2016-12-31,10-K,CommonStockSharesOutstanding,
BAC,70858,2017-03-31,2017,1,9974189863,2017-03-31,10-Q,CommonStockSharesOutstanding,
BAC,70858,2017-06-30,2017,2,9878118264,2017-06-30,10-Q,CommonStockSharesOutstanding,
BAC,70858,2017-09-30,2017,3,10457473674,2017-09-30,10-Q,CommonStockSharesOutstanding,
BAC,70858,2017-12-31,2017,4,10287302431,2017-12-31,10-K,CommonStockSharesOutstanding,
BAC,70858,2018-03-31,2018,1,10175910851,2018-03-31,10-Q,CommonStockSharesOutstanding,
BAC,70858,2018-06-30,2018,2,10012719225,2018-06-30,10-Q,CommonStockSharesOutstanding,
BAC,70858,2018-09-30,2018,3,9858252641,2018-09-30,10-Q,CommonStockSharesOutstanding,
BAC,70858,2018-12-31,2018,4,9669286370,2018-12-31,10-K,CommonStockSharesOutstanding,
BAC,70858,2019-03-31,2019,1,9568389268,2019-03-31,10-Q,CommonStockSharesOutstanding,
BAC,70858,2019-06-30,2019,2,9342601750,2019-06-30,10-Q,CommonStockSharesOutstanding,
BAC,70858,2019-09-30,2019,3,9079264535,2019-09-30,10-Q,CommonStockSharesOutstanding,
BAC,70858,2019-12-31,2019,4,8836148954,2019-12-31,10-K,CommonStockSharesOutstanding,
BAC,70858,2020-03-31,2020,1,8675487435,2020-03-31,10-Q,CommonStockSharesOutstanding,
BAC,70858,2020-06-30,2020,2,8664081625,2020-06-30,10-Q,CommonStockSharesOutstanding,
BAC,70858,2020-09-30,2020,3,8661522562,2020-09-30,10-Q,CommonStockSharesOutstanding,
BAC,70858,2020-12-31,2020,4,8650814105,2020-12-31,10-K,CommonStockSharesOutstanding,
BAC,70858,2021-03-31,2021,1,8589731470,2021-03-31,10-Q,CommonStockSharesOutstanding,
BAC,70858,2021-06-30,2021,2,8487151465,2021-06-30,10-Q,CommonStockSharesOutstanding,
BAC,70858,2021-09-30,2021,3,8241243911,2021-09-30,10-Q,CommonStockSharesOutstanding,
BAC,70858,2021-12-31,2021,4,8077831463,2021-12-31,10-K,CommonStockSharesOutstanding,
BAC,70858,2022-03-31,2022,1,8062102236,2022-03-31,10-Q,CommonStockSharesOutstanding,
BAC,70858,2022-06-30,2022,2,8035221887,2022-06-30,10-Q,CommonStockSharesOutstanding,
BAC,70858,2022-09-30,2022,3,8024450244,2022-09-30,10-Q,CommonStockSharesOutstanding,
BAC,70858,2022-12-31,2022,4,7996777943,2022-12-31,10-K,CommonStockSharesOutstanding,
BAC,70858,2023-03-31,2023,1,7972438148,2023-03-31,10-Q,CommonStockSharesOutstanding,
BAC,70858,2023-06-30,2023,2,7953563116,2023-06-30,10-Q,CommonStockSharesOutstanding,
BAC,70858,2023-09-30,2023,3,7923357339,2023-09-30,10-Q,CommonStockSharesOutstanding,
BAC,70858,2023-12-31,2023,4,7895457665,2023-12-31,10-K,CommonStockSharesOutstanding,
BAC,70858,2024-03-31,2024,1,7866868200,2024-03-31,10-Q,CommonStockSharesOutstanding,
BAC,70858,2024-06-30,2024,2,7774753442,2024-06-30,10-Q,CommonStockSharesOutstanding,
BAC,70858,2024-09-30,2024,3,7688767832,2024-09-30,10-Q,CommonStockSharesOutstanding,
BAC,70858,2024-12-31,2024,4,7610862311,2024-12-31,10-K,CommonStockSharesOutstanding,
BAC,70858,2025-03-31,2025,1,7560084716,2025-03-31,10-Q,CommonStockSharesOutstanding,
BAC,70858,2025-06-30,2025,2,7436679485,2025-06-30,10-Q,CommonStockSharesOutstanding,
BAC,70858,2025-09-30,2025,3,7329421929,2025-09-30,10-Q,CommonStockSharesOutstanding,
BAC,70858,2025-12-31,2025,4,7212464345,2025-12-31,10-K,CommonStockSharesOutstanding,
PFE,78003,2013-09-30,2013,3,6938000000,2013-09-29,10-Q,WeightedAverageNumberOfSharesOutstandingBasic,
PFE,78003,2013-12-31,2013,4,6813000000,2013-12-31,10-K,WeightedAverageNumberOfSharesOutstandingBasic,
PFE,78003,2014-03-31,2014,1,6389000000,2014-03-30,10-Q,WeightedAverageNumberOfSharesOutstandingBasic,
PFE,78003,2014-06-30,2014,2,6379000000,2014-06-29,10-Q,WeightedAverageNumberOfSharesOutstandingBasic,
PFE,78003,2014-09-30,2014,3,6363000000,2014-09-28,10-Q,WeightedAverageNumberOfSharesOutstandingBasic,
PFE,78003,2014-12-31,2014,4,6346000000,2014-12-31,10-K,WeightedAverageNumberOfSharesOutstandingBasic,
PFE,78003,2015-03-31,2015,1,6203000000,2015-03-29,10-Q,WeightedAverageNumberOfSharesOutstandingBasic,
PFE,78003,2015-06-30,2015,2,6181000000,2015-06-28,10-Q,WeightedAverageNumberOfSharesOutstandingBasic,
PFE,78003,2015-09-30,2015,3,6176000000,2015-09-27,10-Q,WeightedAverageNumberOfSharesOutstandingBasic,
PFE,78003,2015-12-31,2015,4,6176000000,2015-12-31,10-K,WeightedAverageNumberOfSharesOutstandingBasic,
PFE,78003,2016-03-31,2016,1,6150000000,2016-04-03,10-Q,WeightedAverageNumberOfSharesOutstandingBasic,
PFE,78003,2016-06-30,2016,2,6110000000,2016-07-03,10-Q,WeightedAverageNumberOfSharesOutstandingBasic,
PFE,78003,2016-09-30,2016,3,6095000000,2016-10-02,10-Q,WeightedAverageNumberOfSharesOutstandingBasic,
PFE,78003,2016-12-31,2016,4,6089000000,2016-12-31,10-K,WeightedAverageNumberOfSharesOutstandingBasic,
PFE,78003,2017-03-31,2017,1,6006000000,2017-04-02,10-Q,WeightedAverageNumberOfSharesOutstandingBasic,
PFE,78003,2017-06-30,2017,2,5982000000,2017-07-02,10-Q,WeightedAverageNumberOfSharesOutstandingBasic,
PFE,78003,2017-09-30,2017,3,5972000000,2017-10-01,10-Q,WeightedAverageNumberOfSharesOutstandingBasic,
PFE,78003,2017-12-31,2017,4,5970000000,2017-12-31,10-K,WeightedAverageNumberOfSharesOutstandingBasic,
PFE,78003,2018-03-31,2018,1,5957000000,2018-04-01,10-Q,WeightedAverageNumberOfSharesOutstandingBasic,
PFE,78003,2018-06-30,2018,2,5911000000,2018-07-01,10-Q,WeightedAverageNumberOfSharesOutstandingBasic,
PFE,78003,2018-09-30,2018,3,5899000000,2018-09-30,10-Q,WeightedAverageNumberOfSharesOutstandingBasic,
PFE,78003,2018-12-31,2018,4,5872000000,2018-12-31,10-K,WeightedAverageNumberOfSharesOutstandingBasic,
PFE,78003,2019-03-31,2019,1,5635000000,2019-03-31,10-Q,WeightedAverageNumberOfSharesOutstandingBasic,
PFE,78003,2019-06-30,2019,2,5598000000,2019-06-30,10-Q,WeightedAverageNumberOfSharesOutstandingBasic,
PFE,78003,2019-09-30,2019,3,5581000000,2019-09-29,10-Q,WeightedAverageNumberOfSharesOutstandingBasic,
PFE,78003,2019-12-31,2019,4,5569000000,2019-12-31,10-K,WeightedAverageNumberOfSharesOutstandingBasic,
PFE,78003,2020-03-31,2020,1,5545000000,2020-03-29,10-Q,WeightedAverageNumberOfSharesOutstandingBasic,
PFE,78003,2020-06-30,2020,2,5550000000,2020-06-28,10-Q,WeightedAverageNumberOfSharesOutstandingBasic,
PFE,78003,2020-09-30,2020,3,5552000000,2020-09-27,10-Q,WeightedAverageNumberOfSharesOutstandingBasic,
PFE,78003,2020-12-31,2020,4,5555000000,2020-12-31,10-K,WeightedAverageNumberOfSharesOutstandingBasic,
PFE,78003,2021-03-31,2021,1,5584000000,2021-04-04,10-Q,WeightedAverageNumberOfSharesOutstandingBasic,
PFE,78003,2021-06-30,2021,2,5591000000,2021-07-04,10-Q,WeightedAverageNumberOfSharesOutstandingBasic,
PFE,78003,2021-09-30,2021,3,5597000000,2021-10-03,10-Q,WeightedAverageNumberOfSharesOutstandingBasic,
PFE,78003,2021-12-31,2021,4,5601000000,2021-12-31,10-K,WeightedAverageNumberOfSharesOutstandingBasic,
PFE,78003,2022-03-31,2022,1,5617000000,2022-04-03,10-Q,WeightedAverageNumberOfSharesOutstandingBasic,
PFE,78003,2022-06-30,2022,2,5605000000,2022-07-03,10-Q,WeightedAverageNumberOfSharesOutstandingBasic,
PFE,78003,2022-09-30,2022,3,5606000000,2022-10-02,10-Q,WeightedAverageNumberOfSharesOutstandingBasic,
PFE,78003,2022-12-31,2022,4,5608000000,2022-12-31,10-K,WeightedAverageNumberOfSharesOutstandingBasic,
PFE,78003,2023-03-31,2023,1,5634000000,2023-04-02,10-Q,WeightedAverageNumberOfSharesOutstandingBasic,
PFE,78003,2023-06-30,2023,2,5640000000,2023-07-02,10-Q,WeightedAverageNumberOfSharesOutstandingBasic,
PFE,78003,2023-09-30,2023,3,5642000000,2023-10-01,10-Q,WeightedAverageNumberOfSharesOutstandingBasic,
PFE,78003,2023-12-31,2023,4,5643000000,2023-12-31,10-K,WeightedAverageNumberOfSharesOutstandingBasic,
PFE,78003,2024-03-31,2024,1,5657000000,2024-03-31,10-Q,WeightedAverageNumberOfSharesOutstandingBasic,
PFE,78003,2024-06-30,2024,2,5662000000,2024-06-30,10-Q,WeightedAverageNumberOfSharesOutstandingBasic,
PFE,78003,2024-09-30,2024,3,5663000000,2024-09-29,10-Q,WeightedAverageNumberOfSharesOutstandingBasic,
PFE,78003,2024-12-31,2024,4,5664000000,2024-12-31,10-K,WeightedAverageNumberOfSharesOutstandingBasic,
PFE,78003,2025-03-31,2025,1,5675000000,2025-03-30,10-Q,WeightedAverageNumberOfSharesOutstandingBasic,
PFE,78003,2025-06-30,2025,2,5680000000,2025-06-29,10-Q,WeightedAverageNumberOfSharesOutstandingBasic,
PFE,78003,2025-09-30,2025,3,5682000000,2025-09-28,10-Q,WeightedAverageNumberOfSharesOutstandingBasic,
PFE,78003,2025-12-31,2025,4,5683000000,2025-12-31,10-K,WeightedAverageNumberOfSharesOutstandingBasic,
MRK,310158,2013-09-30,2013,3,2975000000,2013-09-30,10-Q,WeightedAverageNumberOfSharesOutstandingBasic,
MRK,310158,2013-12-31,2013,4,2963000000,2013-12-31,10-K,WeightedAverageNumberOfSharesOutstandingBasic,
MRK,310158,2014-03-31,2014,1,2934000000,2014-03-31,10-Q,WeightedAverageNumberOfSharesOutstandingBasic,
MRK,310158,2014-06-30,2014,2,2925000000,2014-06-30,10-Q,WeightedAverageNumberOfSharesOutstandingBasic,
MRK,310158,2014-09-30,2014,3,2909000000,2014-09-30,10-Q,WeightedAverageNumberOfSharesOutstandingBasic,
MRK,310158,2014-12-31,2014,4,2894000000,2014-12-31,10-K,WeightedAverageNumberOfSharesOutstandingBasic,
MRK,310158,2015-03-31,2015,1,2835000000,2015-03-31,10-Q,WeightedAverageNumberOfSharesOutstandingBasic,
MRK,310158,2015-06-30,2015,2,2831000000,2015-06-30,10-Q,WeightedAverageNumberOfSharesOutstandingBasic,
MRK,310158,2015-09-30,2015,3,2825000000,2015-09-30,10-Q,WeightedAverageNumberOfSharesOutstandingBasic,
MRK,310158,2015-12-31,2015,4,2816000000,2015-12-31,10-K,WeightedAverageNumberOfSharesOutstandingBasic,
MRK,310158,2016-03-31,2016,1,2774000000,2016-03-31,10-Q,WeightedAverageNumberOfSharesOutstandingBasic,
MRK,310158,2016-06-30,2016,2,2771000000,2016-06-30,10-Q,WeightedAverageNumberOfSharesOutstandingBasic,
MRK,310158,2016-09-30,2016,3,2769000000,2016-09-30,10-Q,WeightedAverageNumberOfSharesOutstandingBasic,
MRK,310158,2016-12-31,2016,4,2766000000,2016-12-31,10-K,WeightedAverageNumberOfSharesOutstandingBasic,
MRK,310158,2017-03-31,2017,1,2745000000,2017-03-31,10-Q,WeightedAverageNumberOfSharesOutstandingBasic,
MRK,310158,2017-06-30,2017,2,2739000000,2017-06-30,10-Q,WeightedAverageNumberOfSharesOutstandingBasic,
MRK,310158,2017-09-30,2017,3,2735000000,2017-09-30,10-Q,WeightedAverageNumberOfSharesOutstandingBasic,
MRK,310158,2017-12-31,2017,4,2730000000,2017-12-31,10-K,WeightedAverageNumberOfSharesOutstandingBasic,
MRK,310158,2018-03-31,2018,1,2695000000,2018-03-31,10-Q,WeightedAverageNumberOfSharesOutstandingBasic,
MRK,310158,2018-06-30,2018,2,2689000000,2018-06-30,10-Q,WeightedAverageNumberOfSharesOutstandingBasic,
MRK,310158,2018-09-30,2018,3,2680000000,2018-09-30,10-Q,WeightedAverageNumberOfSharesOutstandingBasic,
MRK,310158,2018-12-31,2018,4,2664000000,2018-12-31,10-K,WeightedAverageNumberOfSharesOutstandingBasic,
MRK,310158,2019-03-31,2019,1,2585000000,2019-03-31,10-Q,WeightedAverageNumberOfSharesOutstandingBasic,
MRK,310158,2019-06-30,2019,2,2579000000,2019-06-30,10-Q,WeightedAverageNumberOfSharesOutstandingBasic,
MRK,310158,2019-09-30,2019,3,2572000000,2019-09-30,10-Q,WeightedAverageNumberOfSharesOutstandingBasic,
MRK,310158,2019-12-31,2019,4,2565000000,2019-12-31,10-K,WeightedAverageNumberOfSharesOutstandingBasic,
MRK,310158,2020-03-31,2020,1,2533000000,2020-03-31,10-Q,WeightedAverageNumberOfSharesOutstandingBasic,
MRK,310158,2020-06-30,2020,2,2531000000,2020-06-30,10-Q,WeightedAverageNumberOfSharesOutstandingBasic,
MRK,310158,2020-09-30,2020,3,2530000000,2020-09-30,10-Q,WeightedAverageNumberOfSharesOutstandingBasic,
MRK,310158,2020-12-31,2020,4,2530000000,2020-12-31,10-K,WeightedAverageNumberOfSharesOutstandingBasic,
MRK,310158,2021-03-31,2021,1,2531000000,2021-03-31,10-Q,WeightedAverageNumberOfSharesOutstandingBasic,
MRK,310158,2021-06-30,2021,2,2532000000,2021-06-30,10-Q,WeightedAverageNumberOfSharesOutstandingBasic,
MRK,310158,2021-09-30,2021,3,2531000000,2021-09-30,10-Q,WeightedAverageNumberOfSharesOutstandingBasic,
MRK,310158,2021-12-31,2021,4,2530000000,2021-12-31,10-K,WeightedAverageNumberOfSharesOutstandingBasic,
MRK,310158,2022-03-31,2022,1,2528000000,2022-03-31,10-Q,WeightedAverageNumberOfSharesOutstandingBasic,
MRK,310158,2022-06-30,2022,2,2529000000,2022-06-30,10-Q,WeightedAverageNumberOfSharesOutstandingBasic,
MRK,310158,2022-09-30,2022,3,2531000000,2022-09-30,10-Q,WeightedAverageNumberOfSharesOutstandingBasic,
MRK,310158,2022-12-31,2022,4,2532000000,2022-12-31,10-K,WeightedAverageNumberOfSharesOutstandingBasic,
MRK,310158,2023-03-31,2023,1,2538000000,2023-03-31,10-Q,WeightedAverageNumberOfSharesOutstandingBasic,
MRK,310158,2023-06-30,2023,2,2539000000,2023-06-30,10-Q,WeightedAverageNumberOfSharesOutstandingBasic,
MRK,310158,2023-09-30,2023,3,2538000000,2023-09-30,10-Q,WeightedAverageNumberOfSharesOutstandingBasic,
MRK,310158,2023-12-31,2023,4,2537000000,2023-12-31,10-K,WeightedAverageNumberOfSharesOutstandingBasic,
MRK,310158,2024-03-31,2024,1,2533000000,2024-03-31,10-Q,WeightedAverageNumberOfSharesOutstandingBasic,
MRK,310158,2024-06-30,2024,2,2534000000,2024-06-30,10-Q,WeightedAverageNumberOfSharesOutstandingBasic,
MRK,310158,2024-09-30,2024,3,2534000000,2024-09-30,10-Q,WeightedAverageNumberOfSharesOutstandingBasic,
MRK,310158,2024-12-31,2024,4,2532000000,2024-12-31,10-K,WeightedAverageNumberOfSharesOutstandingBasic,
MRK,310158,2025-03-31,2025,1,2523000000,2025-03-31,10-Q,WeightedAverageNumberOfSharesOutstandingBasic,
MRK,310158,2025-06-30,2025,2,2516000000,2025-06-30,10-Q,WeightedAverageNumberOfSharesOutstandingBasic,
MRK,310158,2025-09-30,2025,3,2509000000,2025-09-30,10-Q,WeightedAverageNumberOfSharesOutstandingBasic,
MRK,310158,2025-12-31,2025,4,2502000000,2025-12-31,10-K,WeightedAverageNumberOfSharesOutstandingBasic,
NVDA,1045810,2013-09-30,2013,3,594363000,2013-10-27,10-Q,WeightedAverageNumberOfSharesOutstandingBasic,
NVDA,1045810,2013-12-31,2013,4,567996734,2014-01-26,10-K,CommonStockSharesOutstanding,
NVDA,1045810,2014-03-31,2014,1,554241412,2014-03-07,10-K,EntityCommonStockSharesOutstanding,
NVDA,1045810,2014-06-30,2014,2,558657000,2014-07-27,10-Q,WeightedAverageNumberOfSharesOutstandingBasic,
NVDA,1045810,2014-09-30,2014,3,555035000,2014-10-26,10-Q,WeightedAverageNumberOfSharesOutstandingBasic,
NVDA,1045810,2014-12-31,2014,4,544913000,2015-01-25,10-K,CommonStockSharesOutstanding,
NVDA,1045810,2015-03-31,2015,1,549840211,2015-03-06,10-K,EntityCommonStockSharesOutstanding,
NVDA,1045810,2015-06-30,2015,2,545000000,2015-07-26,10-Q,WeightedAverageNumberOfSharesOutstandingBasic,
NVDA,1045810,2015-09-30,2015,3,544000000,2015-10-25,10-Q,WeightedAverageNumberOfSharesOutstandingBasic,
NVDA,1045810,2015-12-31,2015,4,539000000,2016-01-31,10-K,CommonStockSharesOutstanding,
NVDA,1045810,2016-03-31,2016,1,541641088,2016-03-11,10-K,EntityCommonStockSharesOutstanding,
NVDA,1045810,2016-06-30,2016,2,536000000,2016-07-31,10-Q,WeightedAverageNumberOfSharesOutstandingBasic,
NVDA,1045810,2016-09-30,2016,3,536000000,2016-10-30,10-Q,WeightedAverageNumberOfSharesOutstandingBasic,
NVDA,1045810,2016-12-31,2016,4,585000000,2017-01-29,10-K,CommonStockSharesOutstanding,
NVDA,1045810,2017-03-31,2017,1,592000000,2017-04-30,10-Q,WeightedAverageNumberOfSharesOutstandingBasic,
NVDA,1045810,2017-06-30,2017,2,595000000,2017-07-30,10-Q,WeightedAverageNumberOfSharesOutstandingBasic,
NVDA,1045810,2017-09-30,2017,3,597000000,2017-10-29,10-Q,WeightedAverageNumberOfSharesOutstandingBasic,
NVDA,1045810,2017-12-31,2017,4,606000000,2018-01-28,10-K,CommonStockSharesOutstanding,
NVDA,1045810,2018-03-31,2018,1,606000000,2018-04-29,10-Q,WeightedAverageNumberOfSharesOutstandingBasic,
NVDA,1045810,2018-06-30,2018,2,607000000,2018-07-29,10-Q,WeightedAverageNumberOfSharesOutstandingBasic,
NVDA,1045810,2018-09-30,2018,3,608000000,2018-10-28,10-Q,WeightedAverageNumberOfSharesOutstandingBasic,
NVDA,1045810,2018-12-31,2018,4,606000000,2019-01-27,10-K,CommonStockSharesOutstanding,
NVDA,1045810,2019-03-31,2019,1,607000000,2019-04-28,10-Q,WeightedAverageNumberOfSharesOutstandingBasic,
NVDA,1045810,2019-06-30,2019,2,608000000,2019-07-28,10-Q,WeightedAverageNumberOfSharesOutstandingBasic,
NVDA,1045810,2019-09-30,2019,3,609000000,2019-10-27,10-Q,WeightedAverageNumberOfSharesOutstandingBasic,
NVDA,1045810,2019-12-31,2019,4,612000000,2020-01-26,10-K,CommonStockSharesOutstanding,
NVDA,1045810,2020-03-31,2020,1,614000000,2020-04-26,10-Q,WeightedAverageNumberOfSharesOutstandingBasic,
NVDA,1045810,2020-06-30,2020,2,615000000,2020-07-26,10-Q,WeightedAverageNumberOfSharesOutstandingBasic,
NVDA,1045810,2020-09-30,2020,3,616000000,2020-10-25,10-Q,WeightedAverageNumberOfSharesOutstandingBasic,
NVDA,1045810,2020-12-31,2020,4,620000000,2021-01-31,10-K,CommonStockSharesOutstanding,
NVDA,1045810,2021-03-31,2021,1,621000000,2021-05-02,10-Q,WeightedAverageNumberOfSharesOutstandingBasic,
NVDA,1045810,2021-06-30,2021,2,621000000,2021-08-01,10-Q,WeightedAverageNumberOfSharesOutstandingBasic,FIXED: replaced post-split 2489M with pre-split 621M (split Jul 2021)
NVDA,1045810,2021-09-30,2021,3,2493000000,2021-10-31,10-Q,WeightedAverageNumberOfSharesOutstandingBasic,
NVDA,1045810,2021-12-31,2021,4,2506000000,2022-01-30,10-K,CommonStockSharesOutstanding,
NVDA,1045810,2022-03-31,2022,1,2510000000,2022-03-11,10-K,EntityCommonStockSharesOutstanding,
NVDA,1045810,2022-06-30,2022,2,2500000000,2022-07-31,10-Q,WeightedAverageNumberOfSharesOutstandingBasic,
NVDA,1045810,2022-09-30,2022,3,2495000000,2022-10-30,10-Q,WeightedAverageNumberOfSharesOutstandingBasic,
NVDA,1045810,2022-12-31,2022,4,2466000000,2023-01-29,10-K,CommonStockSharesOutstanding,
NVDA,1045810,2023-03-31,2023,1,2470000000,2023-04-30,10-Q,WeightedAverageNumberOfSharesOutstandingBasic,
NVDA,1045810,2023-06-30,2023,2,2472000000,2023-07-30,10-Q,WeightedAverageNumberOfSharesOutstandingBasic,
NVDA,1045810,2023-09-30,2023,3,2470000000,2023-10-29,10-Q,WeightedAverageNumberOfSharesOutstandingBasic,
NVDA,1045810,2023-12-31,2023,4,2464000000,2024-01-28,10-K,CommonStockSharesOutstanding,
NVDA,1045810,2024-03-31,2024,1,2462000000,2024-04-28,10-Q,WeightedAverageNumberOfSharesOutstandingBasic,
NVDA,1045810,2024-06-30,2024,2,24599000000,2024-07-28,10-Q,WeightedAverageNumberOfSharesOutstandingBasic,
NVDA,1045810,2024-09-30,2024,3,24577000000,2024-10-27,10-Q,WeightedAverageNumberOfSharesOutstandingBasic,
NVDA,1045810,2024-12-31,2024,4,24477000000,2025-01-26,10-K,CommonStockSharesOutstanding,
NVDA,1045810,2025-03-31,2025,1,24441000000,2025-04-27,10-Q,WeightedAverageNumberOfSharesOutstandingBasic,
NVDA,1045810,2025-06-30,2025,2,24404000000,2025-07-27,10-Q,WeightedAverageNumberOfSharesOutstandingBasic,
NVDA,1045810,2025-09-30,2025,3,24378000000,2025-10-26,10-Q,WeightedAverageNumberOfSharesOutstandingBasic,
NVDA,1045810,2025-12-31,2025,4,24304000000,2026-01-25,10-K,CommonStockSharesOutstanding,
